{
  "mae": 24227.461484994674,
  "rmse": 28407.245152352585,
  "r2": -0.06523401423495012
}