{
  "mae": 24227.46148499467,
  "rmse": 28407.245152352585,
  "r2": -0.06523401423495012
}